muni_id,muni_name,popest_2010,popest_2019,emp_vltl,unemp_avg_rate,unemp_rate_change,jobs_tot,jobs_nocolg,jobs_lowinc_pc,jobs_nonwhite_pc,inc_pc,inc_pc_me,hu_tot,hu_tot_me,hu_oo,hu_oo_me,hu_ro,hu_ro_me,hu_crowding,covid_tot_cases,covid_pc_pv,covid_rel_change
"2500170000000",Abington,16043,16668,71.5051048037767,17.3,-8.3,8505,1533,50.135214579659,14.8618459729571,40150,2308,16225,126,12227,731,3998,696,,314,0.0303,Higher
"2500380000000",Acton,21983,23662,47.9016981350939,9.24,-2.4,12042,1713,32.9181199136356,28.3341637601727,62395,2879,23378,202,18785,638,4593,599,1.63,208,0.006,Higher
"2500520000000",Acushnet,10308,10625,49.1830220734645,16.1,-11.6,5501,1115,49.7182330485366,5.19905471732412,33656,2694,10467,19,9352,428,1115,430,,143,0.0361,Higher
"2500555000000",Adams,8481,8010,98.347264780936,16.58,-7.1,3866,944,59.467149508536,5.25090532850491,30277,2251,8145,33,5327,369,2818,366,,46,0.0021,Lower
"2500840000000",Agawam,28451,28613,80.6848931417059,14.9,-5.4,14632,2871,49.7881355932203,11.3586659376709,35812,1765,28181,157,22965,651,5216,626,0.44,569,0.0046,Higher
"2500975000000",Alford,498,488,29.7479907726809,6.22,0.5,183,33,47.5409836065574,6.55737704918033,63046,15425,421,80,405,80,16,15,,3,0,No Change
"2501260000000",Amesbury,16323,17532,60.2921415736529,14.64,-7,9135,1682,43.7328954570334,6.75424192665572,40713,2621,17050,125,12338,783,4712,766,,217,0.0161,Higher
"2501325000000",Amherst,38720,39924,32.2981078240057,9.4,0.7,10138,1558,50.3945551390807,26.3464194121128,21617,1331,23312,563,10643,568,12669,727,1.27,264,0.0036,Lower
"2501465000000",Andover,33157,36356,56.8292341172662,10.66,-2.8,15402,2433,36.9562394494221,22.789248149591,66268,2941,34038,304,29002,733,5036,734,0.6,415,0.0073,No Change
"2501585000000",Aquinnah,306,320,16.828516886389,8.26,-10.4,108,22,53.7037037037037,33.3333333333333,42372,19499,492,159,390,121,102,98,,3,0.0385,No Change
"2501605000000",Arlington,42939,45531,58.2242986341663,9.48,-1.6,24306,3556,31.9591870320086,20.4723113634494,58355,2371,44819,126,29728,1119,15091,1114,1.22,378,0.0028,Lower
"2501885000000",Ashburnham,6086,6348,76.9219817712908,13.26,-3.9,2946,589,45.4514596062458,7.1622539035981,37771,4252,6033,39,5101,480,932,481,,38,0,No Change
"2501955000000",Ashby,3085,3219,64.5449022564714,13.84,-5.5,1673,330,46.5032875074716,5.4991034070532,37829,3393,3215,19,2895,165,320,165,,18,0,No Change
"2502095000000",Ashfield,1736,1717,46.8573692809349,9.7,-4.2,841,172,51.7241379310345,9.03686087990488,42557,5560,1536,155,1313,152,223,69,,7,0.0085,No Change
"2502130000000",Ashland,16663,17807,64.1289051819944,12.48,-3.9,9090,1467,37.3157315731573,21.2981298129813,52652,3300,17502,43,14839,492,2663,487,,324,0.0135,Higher
"2502480000000",Athol,11616,11732,92.0550143043823,15.7,-6,5640,1370,56.968085106383,8.42198581560284,27510,2075,11554,66,8569,564,2985,549,,94,0.0075,Lower
"2502690000000",Attleboro,43586,45237,75.8692580179101,16.98,-8,23834,4549,49.1776453805488,18.3099773432911,37018,1430,43965,187,31463,1036,12502,1044,0.93,934,0.0284,Higher
"2502760000000",Auburn,16234,16766,68.1620220787165,13.34,-5,9569,1798,43.2333577176298,10.9520326052879,41021,1572,16485,104,14606,384,1879,361,,283,0.0165,Higher
"2502935000000",Avon,4363,4549,92.711780557495,17.9,-6.9,2287,433,50.5902929602099,26.1915172715348,31901,3174,4477,39,3640,269,837,267,,92,0.0137,Lower
"2503005000000",Ayer,7464,8196,86.6048491701508,15.52,-5.3,4324,713,46.9472710453284,18.9639222941721,45299,3569,8010,34,5170,503,2840,502,,157,0.008,Higher
"2503690000000",Barnstable,45149,44477,62.7720636727886,17.78,-10.9,21213,4291,53.8631970961203,14.392118040824,40463,2091,43812,132,32898,1099,10914,1081,1.26,496,0.0136,Higher
"2503740000000",Barre,5403,5578,78.322025149554,14.52,-5.9,2862,551,48.4276729559748,6.25436757512229,33685,3343,5311,138,4203,409,1108,387,,71,0.0127,No Change
"2504545000000",Becket,1777,1716,83.5572483089004,16.68,-7.4,1008,226,59.5238095238095,11.6071428571429,41105,5326,1859,173,1669,149,190,99,,17,0.0132,Higher
"2504615000000",Bedford,13351,14123,52.6275813533681,10.76,-3,6739,1045,32.6309541474996,20.7004006529159,61404,5278,13725,128,10839,526,2886,505,,283,0.01,Lower
"2504825000000",Belchertown,14658,15098,67.4441276340472,13.16,-4.6,7684,1475,44.8334200937012,9.14888079125456,42021,3306,14961,23,12932,487,2029,486,,147,0.0058,No Change
"2504930000000",Bellingham,16443,17270,66.2727830822269,14.4,-6.9,9603,1799,42.5908570238467,10.2051442257628,47005,4204,16996,31,14820,511,2176,505,,175,0.0079,Higher
"2505070000000",Belmont,24710,26116,58.561315655644,9.84,-1.2,13836,1966,31.8733738074588,24.3639780283319,62602,3122,25755,118,17379,595,8376,569,1.37,275,0.0023,Lower
"2505280000000",Berkley,6417,6851,67.4464520680907,16.34,-8.2,3719,701,44.8238773863942,5.75423500941113,39874,3902,6647,40,6311,246,336,241,,97,0.0302,Higher
"2505490000000",Berlin,2872,3240,64.7949036438208,11.54,-4,1621,289,41.6409623689081,9.06847624922887,48666,5933,3139,18,2831,113,308,109,,27,0.0182,No Change
"2505560000000",Bernardston,2127,2090,73.7267987114329,14.26,-7,1235,308,53.6032388663968,4.8582995951417,34712,3066,2051,163,1579,168,472,150,,9,0.0063,Higher
"2505595000000",Beverly,39729,42174,70.0529770220205,13.7,-4.7,20775,3335,43.0036101083032,10.7725631768953,45358,2166,38445,355,26774,939,11671,900,1.55,716,0.0028,Higher
"2505805000000",Billerica,40416,43367,68.241364999189,15.34,-6.7,22859,3685,41.5241261647491,15.473117809178,40454,1683,41682,225,35170,942,6512,890,2.32,710,0.016,Higher
"2506015000000",Blackstone,9016,9288,63.3231398945096,15.68,-8.3,5535,1008,44.4986449864499,8.02168021680217,37798,2451,9194,51,7738,295,1456,283,,81,0.0115,Higher
"2506085000000",Blandford,1227,1252,67.294529973004,13.86,-6.3,599,134,50.0834724540901,4.34056761268781,36958,3966,1177,179,1127,179,50,37,,3,0,No Change
"2506365000000",Bolton,4930,5426,53.1091526457605,9.2,-2.2,2727,410,31.4264759809314,9.93766043270994,56557,5038,5205,34,4988,169,217,163,,17,0.0043,Higher
"2507000000000",Boston,621048,692600,97.8500629776852,16.3,-1.8,332578,47977,46.3220658011053,48.7587874122762,42010,625,631479,1631,233819,3820,397660,4009,3.31,18857,0.0074,Higher
"2507175000000",Bourne,19764,19762,68.3598619880466,17.34,-9.7,7868,1581,51.4107778342654,7.90543975597356,40686,2933,19403,142,14618,657,4785,660,1.39,204,0.0124,Lower
"2507350000000",Boxborough,5027,5793,57.2145824711751,9.22,-1.6,2839,432,33.4272631208172,25.9950686861571,55571,5314,5794,41,4381,287,1413,285,,31,0.0077,No Change
"2507420000000",Boxford,7976,8332,53.9264689848036,10.64,-2.4,3462,638,37.8682842287695,8.72328134026574,72832,8739,8270,21,8189,62,81,56,,62,0.0104,Higher
"2507525000000",Boylston,4357,4712,46.7959572327463,11.7,-5.6,2536,437,39.9053627760252,11.2776025236593,46857,3321,4562,27,4059,183,503,183,,27,0.0028,Higher
"2507740000000",Braintree,35804,37190,76.6331524151006,17.38,-7.2,21258,3491,43.3954276037257,21.6200959638724,44077,1861,36657,111,29396,810,7261,803,1.42,954,0.0139,Higher
"2507980000000",Brewster,9859,9775,47.1441443904047,14.48,-10.1,4523,950,51.7576829537917,7.38447932787973,45151,4180,9531,148,8643,311,888,281,,125,0.0088,Higher
"2508085000000",Bridgewater,26708,27619,74.27875657056,15.54,-6.4,13562,2450,44.7942781300693,11.9008995723345,33138,2083,22682,529,16675,977,6007,959,0.65,433,0.0066,Lower
"2508470000000",Brimfield,3619,3680,68.8801148807703,13.04,-5.2,1824,395,48.0263157894737,5.92105263157895,38489,4395,3739,24,3340,185,399,186,,18,0.0048,No Change
"2509000000000",Brockton,93809,95708,145.011913103749,22.32,-3.9,51568,9674,61.6758454855724,55.7981694073844,26063,847,93768,403,55140,1929,38628,2024,3.76,4975,0.0251,Higher
"2509105000000",Brookfield,3383,3452,73.016142497454,13.72,-5,1902,379,50.3680336487907,5.99369085173502,39360,4580,3423,18,2975,169,448,171,,27,0.0057,Higher
"2509175000000",Brookline,58701,59121,46.020025595653,8.58,-0.7,28971,3721,29.039384211798,27.6310793552173,68025,3083,57446,236,30658,1309,26788,1282,1.96,521,0.0028,Lower
"2509595000000",Buckland,1896,1850,64.5944518742979,10.24,-3,932,211,60.4077253218884,6.65236051502146,29649,3054,1908,197,1538,214,370,129,,8,0,No Change
"2509840000000",Burlington,24583,28627,61.330276395076,11.44,-3.3,14597,2174,37.0966636980201,24.5392888949784,48663,2555,26994,43,21262,756,5732,763,1.34,337,0.0125,Lower
"2511000000000",Cambridge,105008,118927,43.3774899135294,8.46,-0.3,54516,6739,37.2459461442512,36.1508547949226,54685,1518,98678,999,36802,1435,61876,1394,2.29,1241,0.0013,Higher
"2511315000000",Canton,21634,23805,78.6555009571457,14.22,-4.1,12138,1981,38.9767671774592,24.0896358543417,53620,2977,22810,149,18557,665,4253,633,0.76,401,0.0161,Higher
"2511525000000",Carlisle,4869,5252,39.0258977037182,8.04,-0.800000000000001,2477,364,29.430763019782,16.95599515543,85227,10481,5186,28,5069,63,117,56,,25,0.0057,Lower
"2511665000000",Carver,11504,11767,65.6024851769446,15.98,-8,6516,1261,44.7667280540209,5.34069981583794,34029,2568,11654,32,10697,488,957,482,,89,0.0173,Higher
"2512505000000",Charlemont,1265,1233,71.6203956724943,15.12,-8.7,579,134,59.5854922279793,4.83592400690846,27761,2146,1130,137,851,112,279,87,,3,0,No Change
"2512715000000",Charlton,13005,13713,57.6281917363324,13.04,-6.2,7072,1385,42.8450226244344,8.01753393665159,41064,3408,13354,102,11701,399,1653,380,,126,0.01,Higher
"2512995000000",Chatham,6118,5982,48.1402637684362,14.38,-9.5,2296,471,57.6655052264808,12.1951219512195,61480,13798,5994,103,4813,370,1181,345,,34,0,Lower
"2513135000000",Chelmsford,33900,35391,61.7564108327449,12.88,-5.1,19313,3022,37.4100346916585,16.8798218816341,50685,1856,34938,51,31229,502,3709,507,0.83,502,0.0222,Higher
"2513205000000",Chelsea,35341,39690,135.544009563049,21.24,-3.5,17808,2940,60.3998203054807,71.0747978436658,24338,1236,39114,232,10846,1177,28268,1227,9.62,3755,0.0353,Higher
"2513345000000",Cheshire,3234,3129,50.6681152606522,12.52,-8,1710,441,54.7953216374269,4.09356725146199,34974,5270,3172,33,2692,207,480,207,,3,0,No Change
"2513485000000",Chester,1339,1369,63.9018618930692,13.06,-6,716,157,48.3240223463687,2.93296089385475,32665,3956,1475,168,1214,158,261,102,,6,0,No Change
"2513590000000",Chesterfield,1226,1249,50.7057489254814,10.14,-4.2,701,154,51.2125534950071,11.5549215406562,35987,4589,1355,200,1226,203,129,79,,7,0.0141,Higher
"2513660000000",Chicopee,55306,55126,106.41089302404,18.4,-6.1,26799,5473,58.476062539647,26.0494794581887,27265,1367,54353,315,32159,1405,22194,1429,1.41,697,0.0159,Higher
"2513800000000",Chilmark,873,922,23.5758148956093,10.42,-11.3,324,62,45.679012345679,7.71604938271605,68020,17632,964,249,808,223,156,78,,3,0,No Change
"2514010000000",Clarksburg,1706,1638,67.1348233999331,12.72,-6.6,875,208,54.4,3.88571428571429,31039,1932,1739,98,1669,108,70,37,,9,0,No Change
"2514395000000",Clinton,13624,14000,81.057611984668,15.84,-5.9,8045,1413,49.8197638284649,22.0633934120572,34020,2376,13874,35,7427,650,6447,647,,328,0.0196,No Change
"2514640000000",Cohasset,7549,8548,56.3909476606143,10.02,-1.9,3436,562,32.1594877764843,6.43189755529686,76882,9317,8364,35,7043,334,1321,336,,38,0.0022,No Change
"2514885000000",Colrain,1670,1661,61.4311903828059,12.68,-5.6,852,177,57.0422535211268,7.27699530516432,30397,4233,1800,195,1422,138,378,140,,3,0.0083,No Change
"2515060000000",Concord,17765,18918,44.2178903840819,8.34,-1.1,7659,1151,31.5445880663272,14.5319232275754,69390,4678,17540,305,14069,613,3471,489,0.93,204,0.0043,Higher
"2515200000000",Conway,1902,1873,40.3714124383168,8.8,-2.5,880,167,51.0227272727273,6.70454545454546,51621,5948,1877,181,1693,177,184,73,,3,0,No Change
"2516040000000",Cummington,868,874,42.4418532239396,12.12,-7.2,419,103,58.9498806682578,5.48926014319809,33896,4322,875,128,715,125,160,48,,3,0,No Change
"2516180000000",Dalton,6753,6525,71.2217873567869,13.8,-6.1,3270,752,54.4648318042813,5.04587155963303,38571,4719,6520,104,5137,347,1383,337,,23,0.0033,No Change
"2516250000000",Danvers,26544,27549,76.882397156861,15.66,-5.8,15004,2574,41.9821380965076,10.1506264996001,41359,1906,26858,189,21013,704,5845,690,1.07,816,0.0081,Higher
"2516425000000",Dartmouth,34366,34188,56.2353569791524,14.98,-8.6,15500,3169,50.0645161290323,9.05161290322581,37086,2184,28979,500,24177,829,4802,598,1.4,531,0.0197,Higher
"2516495000000",Dedham,24816,25219,80.3246240023986,14.6,-4.3,14175,2268,39.6049382716049,20.5996472663139,51425,3155,24374,197,18527,643,5847,632,1.19,532,0.0083,Lower
"2516670000000",Deerfield,5126,4991,47.6660785564439,11.42,-5.2,2725,597,49.5045871559633,8.80733944954128,39509,4928,4788,124,3907,321,881,300,,18,0,Lower
"2516775000000",Dennis,14219,13871,65.7285543936847,18.6,-11.9,6090,1251,54.4991789819376,10.8866995073892,42383,3489,13843,65,10048,470,3795,473,,117,0.0113,Higher
"2516950000000",Dighton,7106,7967,80.0067290289354,15.96,-7,4119,770,46.3462005341102,6.21510075260986,38745,3349,7477,42,6945,263,532,255,,79,0.0109,Lower
"2517300000000",Douglas,8475,9038,58.6187500053854,13.06,-6.4,4527,829,44.1130991826817,5.30152418820411,37792,2377,8794,21,6991,668,1803,667,,63,0.0094,Higher
"2517405000000",Dover,5603,6127,55.3428925192662,7.76,-0.8,2621,366,29.7977871041587,16.8637924456314,115686,14422,5987,23,5397,463,590,462,,27,0.0035,Lower
"2517475000000",Dracut,29510,31634,66.885398663378,15.6,-7.2,18437,3101,44.5571405326246,17.7252264468189,37166,1809,31241,23,25010,1144,6231,1148,1.51,589,0.015,Lower
"2517685000000",Dudley,11462,11773,72.9748510108512,14.86,-5.9,6171,1188,47.8366553232863,8.21584832280019,30831,2447,10587,204,7620,592,2967,575,,129,0.0035,Lower
"2517825000000",Dunstable,3187,3403,43.6088676490343,10.72,-5,1956,334,37.0143149284254,9.61145194274029,54832,4641,3345,23,3189,119,156,119,,10,0,No Change
"2517895000000",Duxbury,15081,15921,67.9891413942293,12.94,-3.8,6419,1205,42.405359090201,5.96666147374981,60165,4522,15570,115,14428,369,1142,378,,167,0.0127,Higher
"2518455000000",East Bridgewater,13811,14526,57.228924340159,15.62,-8.9,8218,1456,45.8505719153079,7.1063519104405,34751,2215,14288,108,12128,454,2160,444,,232,0.03,Higher
"2518560000000",East Brookfield,2191,2210,44.8791225567657,12.78,-8.3,1237,245,47.1301535974131,7.76071139854487,34737,2751,2159,169,1876,196,283,117,,14,0.0092,Higher
"2519645000000",East Longmeadow,15792,16192,74.6457638901463,13.94,-4.9,8150,1556,44.0368098159509,10.5153374233129,39074,2840,15755,157,13898,515,1857,486,,340,0.0261,Higher
"2519295000000",Eastham,4956,4906,46.7776433077112,15.82,-12.1,1971,419,56.1643835616438,9.53830542871639,43693,5231,4893,18,4261,245,632,245,,16,0.0052,Lower
"2519370000000",Easthampton,16052,15829,78.426069724329,14.9,-5.4,8472,1602,52.7738432483475,11.4022662889518,36640,3365,15947,52,10633,554,5314,554,,139,0.0032,Higher
"2520100000000",Easton,23345,25105,63.5132678163894,13.4,-5.3,11800,2074,42.2881355932203,12.7627118644068,46618,2539,22366,345,18769,577,3597,528,1.37,365,0.0023,Lower
"2521150000000",Edgartown,4078,4348,35.5518377927492,15.9,-17.5,1828,389,46.5536105032823,13.3479212253829,41636,10716,4229,83,2923,530,1306,520,,17,0.0046,No Change
"2521360000000",Egremont,1223,1205,54.959455156023,6.66,-1.6,483,83,56.935817805383,15.1138716356108,49493,10125,1370,178,1180,175,190,91,,7,0,No Change
"2521780000000",Erving,1799,1750,57.5947814214677,12.94,-7,963,232,59.3977154724818,6.02284527518172,28571,2114,1791,147,1469,141,322,114,,6,0,No Change
"2521850000000",Essex,3516,3799,55.558789132233,11.5,-5.2,1721,327,40.3253922138292,5.92678675188844,52604,7890,3713,16,3311,181,402,181,,29,0.0063,Lower
"2521990000000",Everett,41658,46451,122.511609265073,19.48,-2.9,21875,3533,57.1748571428571,51.9497142857143,26591,1484,45668,105,19048,1795,26620,1803,5.15,2458,0.0441,Higher
"2522130000000",Fairhaven,15881,16078,60.5329870009555,16.5,-9.4,8224,1782,52.5048638132296,7.16196498054475,34589,2321,15663,134,12736,455,2927,460,,297,0.0217,Higher
"2523000000000",Fall River,88882,89541,104.157659089843,21.18,-9.5,37862,7524,63.0605884528023,19.2171570440019,24600,741,87902,243,34312,1527,53590,1547,1.78,2231,0.0256,Higher
"2523105000000",Falmouth,31539,30993,62.3778573068744,17.08,-10.3,14058,2762,51.0243277848912,10.7127614169868,44517,3290,30721,166,24503,747,6218,727,1.23,286,0.0066,Lower
"2523875000000",Fitchburg,40442,40638,133.598706617172,19.82,-3.7,18178,3289,57.4485641984817,32.9409175926945,26190,1173,38826,268,20800,1242,18026,1233,5.38,907,0.0107,Higher
"2524120000000",Florida,759,715,37.0098874712326,10.82,-7.1,484,117,56.4049586776859,9.09090909090909,28429,4172,785,107,654,99,131,76,,3,0,Lower
"2524820000000",Foxborough,16911,18399,73.8054086442082,15.18,-5.9,9148,1552,41.3751639702667,11.4451246174027,48318,3570,17508,28,12364,645,5144,647,,185,0.0089,Higher
"2524960000000",Framingham,68665,74416,72.7772043687171,13.36,-3.3,34534,5517,45.3466149302137,32.246481728152,41182,1507,68336,397,40160,1412,28176,1347,1.84,2435,0.0316,Higher
"2525172000000",Franklin,31847,34087,68.049700167419,13.42,-4.6,17482,2967,40.292872669031,10.8397208557373,50626,2574,31941,196,27673,656,4268,651,0.29,221,0.0126,Higher
"2525240000000",Freetown,8884,9394,61.2629378339834,15.36,-8.5,4453,906,48.3718841230631,4.82820570401976,38606,2668,9164,59,8408,304,756,298,,133,0.0222,Lower
"2525485000000",Gardner,20174,20683,103.05831820794,17.98,-5.9,9703,1994,54.9314644955168,13.8926105328249,27491,2058,19341,214,10941,687,8400,662,2.74,221,0.007,Higher
"2525625000000",Georgetown,8231,8768,65.5968707405149,12.92,-4.9,4216,772,42.5996204933586,6.21442125237192,52277,3796,8618,33,7377,236,1241,233,,83,0.0083,No Change
"2525730000000",Gill,1474,1465,39.1999988989571,10.38,-6,906,212,53.5320088300221,6.29139072847682,39175,9734,1351,130,1186,132,165,74,,3,0,No Change
"2526150000000",Gloucester,28872,30430,70.1188754339679,16.52,-8.4,14752,2750,48.5425704989154,8.80558568329718,41201,2371,29690,181,20076,731,9614,679,0.99,343,0.0188,Higher
"2526290000000",Goshen,1058,1059,45.0748550376333,7.76,-3.2,558,116,47.4910394265233,6.27240143369176,35147,4127,1003,185,914,181,89,60,,5,0,No Change
"2526325000000",Gosnold,75,75,,1.44,2.3,35,8,62.8571428571429,2.85714285714286,90529,38581,48,24,48,24,0,12,,5,0,No Change
"2526430000000",Grafton,17789,18883,66.3601795013949,12.86,-4.6,9711,1705,39.4089177221707,14.6946761404593,46948,2526,18476,89,15066,517,3410,523,,125,0.0029,Higher
"2526535000000",Granby,6242,6291,63.5383504081701,13.48,-5.5,3308,635,47.0677146311971,6.92261185006046,42852,5557,6333,17,5771,214,562,213,,49,0.0039,Lower
"2526675000000",Granville,1571,1611,50.4199826425357,12.3,-7,826,183,52.3002421307506,6.05326876513317,34324,3103,1590,183,1493,178,97,74,,13,0.0225,No Change
"2526815000000",Great Barrington,7097,6945,77.0340956335248,15.32,-6.3,2947,637,61.859518154055,14.0481845945029,33596,4442,5894,214,4039,467,1855,464,,84,0.0009,No Change
"2527100000000",Greenfield,17430,17258,82.865923957843,14.64,-5.3,9361,1996,59.7372075632945,12.1781860912296,30033,1809,16753,135,10419,565,6334,575,,231,0.0014,No Change
"2527480000000",Groton,10685,11325,54.2678098941352,10.12,-2.7,5850,943,35.0940170940171,9.11111111111111,54498,4760,11153,86,10052,324,1101,307,,58,0.0052,Higher
"2527620000000",Groveland,6466,6849,64.4956398552076,13.58,-5.3,3369,606,42.8613831997625,6.47076283763728,40346,4733,6749,23,6042,304,707,305,,54,0.0131,Lower
"2527690000000",Hadley,5252,5342,58.2501721610742,13.4,-3.9,2431,407,50.5553270259153,12.1760592348828,43529,7160,5161,108,4030,356,1131,344,,52,0.0007,No Change
"2527795000000",Halifax,7526,7896,71.4775700942528,16.9,-8.6,4446,869,45.1641925326136,4.61088618983356,36914,3848,7824,32,6897,526,927,525,,74,0.0064,Lower
"2527900000000",Hamilton,7783,8051,56.1586376334669,9.98,-2.5,3597,610,39.5607450653322,9.45232137892688,49763,4084,7838,56,6489,357,1349,348,,49,0,Lower
"2528075000000",Hampden,5141,5177,53.5024913313906,12.3,-5.3,2639,529,46.3054187192118,5.98711633194392,40873,3669,5098,95,4648,196,450,187,,109,0.0117,No Change
"2528180000000",Hancock,721,696,30.8028278035145,7.88,-4.9,313,74,52.0766773162939,5.11182108626198,34963,3458,529,88,447,87,82,33,,3,0,No Change
"2528285000000",Hanover,13896,14570,66.5716930417551,14.74,-5.7,7518,1264,39.1859537110934,6.4511838254855,51907,4408,14249,80,13256,326,993,329,,118,0.0278,Higher
"2528495000000",Hanson,10220,10914,57.1584381024822,15.54,-8.7,5704,1075,45.0385694249649,5.53997194950912,40618,2411,10640,34,10173,173,467,166,,146,0.0274,Higher
"2528740000000",Hardwick,3003,3057,62.5192398481487,11.24,-2.7,1214,257,50.2471169686985,6.26029654036244,30367,4073,2880,112,2197,209,683,196,,11,0.0034,No Change
"2528950000000",Harvard,6533,6620,54.6812323120001,9.08,-1.7,2771,417,35.474557921328,13.136051966799,55950,6887,5361,348,5093,365,268,120,,22,0.0044,No Change
"2529020000000",Harwich,12232,12142,60.7228932946554,17.58,-11.8,5999,1228,51.8253042173696,9.66827804634106,43458,4521,11969,96,10440,395,1529,384,,164,0.0146,Lower
"2529265000000",Hatfield,3259,3251,68.1832532109109,14.94,-6.5,1723,343,51.5960533952409,6.96459663377829,37602,3537,3277,23,2507,195,770,195,,22,0.0033,Higher
"2529405000000",Haverhill,60999,64014,95.1839672581773,18.14,-6.6,34004,5913,48.9442418538995,25.094106575697,33016,1079,62282,209,37984,1413,24298,1418,2.38,1700,0.0242,Lower
"2529475000000",Hawley,338,334,28.3242399030318,7.4,-5.2,174,43,60.3448275862069,5.17241379310345,37765,9313,341,61,318,59,23,21,,0,0,No Change
"2529650000000",Heath,707,695,62.9086052214786,9.8,-2.4,326,80,58.2822085889571,4.9079754601227,27060,5166,707,143,647,132,60,74,,0,0,No Change
"2530210000000",Hingham,22212,24679,56.1921997470746,10.5,-2.6,10244,1684,32.8387348691917,7.47754783287778,73963,5317,23008,145,20389,455,2619,438,0.13,371,0.0183,Higher
"2530315000000",Hinsdale,2023,1911,73.9451613621967,16.24,-9,857,201,53.558926487748,4.78413068844807,38527,4571,1853,154,1638,165,215,93,,5,0,No Change
"2530455000000",Holbrook,10826,11033,104.78639825587,18.84,-5.6,6649,1225,46.9393893818619,25.7933523838171,33158,2085,10991,34,9577,465,1414,467,,249,0.0205,Higher
"2530560000000",Holden,17490,19303,63.5405942039529,12.24,-4.4,10017,1761,38.5045422781272,10.3424178895877,45975,2449,18642,87,16663,533,1979,510,,173,0.0082,Higher
"2530665000000",Holland,2480,2482,72.7662092462703,13.5,-5.4,1184,254,48.5641891891892,6.6722972972973,36563,2878,2539,245,2223,251,316,135,,14,0.0074,Higher
"2530700000000",Holliston,13592,14912,58.1914805417875,11.84,-3.2,7552,1180,38.1223516949153,10.1297669491525,57253,3670,14578,39,13647,274,931,264,,115,0.0164,Higher
"2530840000000",Holyoke,39917,40117,141.893258524327,21.08,-3.8,17129,3256,64.6622686671726,50.5984003736354,23385,1180,39133,227,16527,900,22606,887,3.9,1211,0.0258,Higher
"2530945000000",Hopedale,5908,5951,79.0663170273716,15.06,-5.4,3547,640,41.3870876797293,8.11953763744009,42756,3634,5861,31,4891,362,970,361,,59,0.0026,No Change
"2531085000000",Hopkinton,14974,18470,60.6947440698345,10.88,-3.1,7827,1240,34.5215280439504,13.8111664750224,66704,4184,17078,60,15027,584,2051,577,,153,0.0063,Higher
"2531435000000",Hubbardston,4397,4829,43.8106685949911,10.6,-5.2,2189,434,46.7793513019644,7.53768844221105,39958,3358,4635,20,4247,160,388,159,,11,0.0076,No Change
"2531540000000",Hudson,19130,19864,70.1146731624835,14.48,-6.2,10645,1732,43.0436824800376,12.7195866604039,41888,1993,19831,53,15474,648,4357,638,1.91,293,0.033,Higher
"2531645000000",Hull,10305,10475,95.3730387154344,15.8,-4.7,5431,942,42.0732830049715,7.6781439882158,52000,4476,10424,19,7721,460,2703,460,,87,0.0129,Lower
"2531785000000",Huntington,2184,2169,84.2744634369294,16.4,-7.2,1269,236,51.9306540583136,9.37746256895193,31306,3508,2025,179,1733,182,292,112,,19,0,No Change
"2532310000000",Ipswich,13219,14074,67.567655927999,12.48,-4.2,6448,1109,42.8504962779156,6.69975186104218,48927,4245,13732,63,10858,456,2874,440,,92,0.0046,Lower
"2533220000000",Kingston,12639,13863,64.4710583047778,16.18,-8.2,7211,1343,44.4182498959922,6.14339203993898,40974,2652,13136,155,10993,502,2143,472,,197,0.0384,Higher
"2533920000000",Lakeville,10724,11561,59.6643178673688,15.18,-8.1,5666,1084,43.8228026826686,5.77126720790681,44889,3146,11188,59,10211,212,977,212,,92,0.0182,Lower
"2534165000000",Lancaster,8076,8082,57.4091477269991,11.8,-4.3,3576,590,39.3736017897092,13.8422818791946,35563,5217,6716,199,5462,562,1254,553,,118,0.0042,Lower
"2534340000000",Lanesborough,3087,2940,50.0029414222234,12.44,-6.5,1350,319,52,5.25925925925926,36508,4541,2993,36,2724,155,269,154,,8,0,No Change
"2534550000000",Lawrence,76551,80028,207.598434405187,28.94,-4.8,38408,6389,70.818579462612,84.5474901062279,19024,684,78712,225,24645,1578,54067,1559,6.01,5284,0.0755,Higher
"2534655000000",Lee,5951,5664,62.1153879498782,15.36,-7.5,2847,625,59.9227256761503,7.83280646294345,33006,3479,5556,96,3767,482,1789,461,,24,0.0082,Higher
"2534795000000",Leicester,10910,11341,65.6359539595454,13.96,-6.4,6203,1098,44.62356924069,13.1388038046107,36208,3708,10831,114,8458,499,2373,462,,194,0.0196,Higher
"2534970000000",Lenox,5069,4944,110.612437984145,19.26,-5.7,2061,419,57.6419213973799,9.1703056768559,46829,6828,4653,109,3426,282,1227,263,,21,0.0042,No Change
"2535075000000",Leominster,40782,41716,105.216122712183,17.24,-4.4,19914,3809,52.8874158883198,25.1431153962037,32012,1334,41196,109,25249,1083,15947,1078,4.36,807,0.0094,Lower
"2535180000000",Leverett,1844,1837,53.8127600080989,10.9,-2.7,949,198,52.7924130663857,9.37829293993678,48512,4877,1967,132,1719,127,248,98,,5,0.0032,No Change
"2535215000000",Lexington,31511,33132,45.6179472142966,8.06,-0.9,15187,2037,29.4659906498979,33.1665240007901,77570,3404,33007,144,28395,620,4612,627,1.45,369,0.0045,No Change
"2535285000000",Leyden,720,715,50.9521493840424,8.58,-2.8,411,89,55.4744525547445,7.78588807785888,41039,7239,692,82,659,83,33,33,,0,0,No Change
"2535425000000",Lincoln,6389,7052,71.4862885020081,8.76,-0.5,2554,388,35.2388410336727,18.5982772122161,72559,8612,6718,39,3875,230,2843,227,,53,0.004,Lower
"2535950000000",Littleton,8938,10227,51.266122421666,10.36,-3.3,5104,796,34.1496865203762,11.6379310344828,52392,3531,9782,92,8947,199,835,187,,128,0.014,Higher
"2536300000000",Longmeadow,15807,15705,57.044958708332,10.7,-2.9,6982,1319,39.0002864508737,13.1194500143225,55457,4607,15102,189,13961,513,1141,477,,260,0.0037,No Change
"2537000000000",Lowell,106782,110997,101.987143717527,17.82,-4.1,52624,8566,58.5322286409243,50.3344481605351,24912,770,106450,389,48675,1735,57775,1738,4.28,3712,0.0329,Lower
"2537175000000",Ludlow,21136,21233,59.7976881266828,14.96,-7.9,10710,2089,49.859943977591,10.9710550887021,32772,1716,20660,95,15886,713,4774,718,0.62,186,0.0127,Higher
"2537420000000",Lunenburg,10084,11736,76.7208241803017,13.5,-4.7,4842,928,48.451053283767,8.13713341594382,43112,3455,11255,27,9628,489,1627,493,,79,0.0017,No Change
"2537490000000",Lynn,90532,94299,134.740373511044,21.82,-4.4,49915,8568,60.0540919563257,54.7671040769308,26020,949,92843,161,44081,1716,48762,1683,6.87,5054,0.0331,Higher
"2537560000000",Lynnfield,11620,12999,60.855483732725,12.26,-4.4,6324,1053,38.2352941176471,9.77229601518026,59970,5064,12829,36,11964,234,865,229,,156,0.0089,Lower
"2537875000000",Malden,59691,60470,123.631706368242,20.76,-4.5,33431,5141,51.3654990876731,49.5438365588825,31086,1696,60763,144,27680,1530,33083,1517,4.31,1646,0.0221,Higher
"2537995000000",Manchester-by-the-Sea,5147,5434,62.687695483038,11.46,-3.1,2202,416,35.9673024523161,6.35785649409628,70012,9765,5357,18,4444,328,913,325,,26,0.0096,Higher
"2538225000000",Mansfield,23194,24470,66.7942809615964,14.14,-5.9,12182,2072,45.0254473813824,13.1177146609752,48743,3094,23723,39,18558,685,5165,688,2.19,234,0.0138,Higher
"2538400000000",Marblehead,19853,20555,66.6440630043243,11.56,-3,9164,1548,39.2405063291139,8.42426887821912,69202,5579,20370,86,16819,599,3551,595,0.4,286,0.0091,Higher
"2538540000000",Marion,4919,5188,57.5676076076842,14.36,-8.2,2165,441,47.2517321016166,8.86836027713626,53363,9051,4802,164,3924,300,878,275,,21,0.0011,Higher
"2538715000000",Marlborough,38583,39597,70.8466265400435,14.08,-4.9,20018,3242,45.1793385952643,23.6537116595064,40677,2162,39197,273,23592,1308,15605,1276,1.59,1339,0.0343,Higher
"2538855000000",Marshfield,25206,25967,58.1502745788375,13.76,-6.5,12528,2224,46.1925287356322,5.45977011494253,43141,2883,25672,76,21116,857,4556,864,1.13,237,0.0244,Higher
"2539100000000",Mashpee,14000,14229,59.3323595548673,17.16,-11,6298,1250,52.2546840266751,11.8767862813592,39721,2046,14003,100,12292,327,1711,321,,89,0.0049,Lower
"2539450000000",Mattapoisett,6055,6401,66.9307971725601,14.28,-6.4,2935,589,48.5860306643952,5.24701873935264,57769,7336,6287,18,5151,493,1136,492,,53,0.0171,Higher
"2539625000000",Maynard,10116,11336,62.3019750277536,11.86,-3.9,6145,935,37.8844589096827,12.4816924328723,49298,4516,10576,23,8520,506,2056,502,,98,0.0062,Lower
"2539765000000",Medfield,12058,12955,57.1988242291124,10.8,-2.6,6291,960,33.5717691940868,10.0143061516452,67029,6195,12701,63,11420,389,1281,362,,55,0.0063,Higher
"2539835000000",Medford,56400,57341,76.3506951325647,14.18,-3.9,32009,4767,40.6291980380518,26.9455465650286,47589,2894,55375,291,33487,1225,21888,1250,1.98,1301,0.0047,Higher
"2539975000000",Medway,12782,13479,63.9084926194554,12.62,-4.6,7077,1177,38.8300127172531,8.22382365409072,53330,4397,13090,112,12136,270,954,239,,154,0.0125,Lower
"2540115000000",Melrose,27037,28016,76.8369518722139,12.76,-3.2,16151,2488,35.7934493220234,16.0175840505232,52682,3585,27807,108,20389,906,7418,875,1.15,350,0.0061,Lower
"2540255000000",Mendon,5859,6223,66.0761790054792,14.76,-6.3,3550,606,39.0704225352113,8,54512,8127,6045,23,5485,232,560,230,,43,0.0134,No Change
"2540430000000",Merrimac,6369,6960,58.3135555613329,13.16,-5.7,3512,628,44.3337129840547,5.60933940774487,44838,3873,6810,30,6136,276,674,275,,47,0.0101,Lower
"2540710000000",Methuen,47445,50706,95.7254809700544,18.52,-6.7,26549,4503,50.6874081886323,34.1858450412445,34390,1329,49565,202,37170,1335,12395,1300,2.4,1435,0.0353,Lower
"2540850000000",Middleborough,23148,25463,72.2679162089057,17.1,-8.7,12604,2316,46.2789590606157,7.05331640748969,38705,1792,24047,129,19624,831,4423,794,0.9,349,0.0207,Higher
"2540990000000",Middlefield,519,534,31.8443037028382,9.1,-5.9,272,54,61.0294117647059,6.61764705882353,46409,13242,393,89,391,88,2,3,,0,0,No Change
"2541095000000",Middleton,8986,10110,78.5998304876217,15.06,-5.5,4548,801,41.2489006156552,11.6534740545295,45456,4940,8655,220,7955,384,700,347,,357,0.1007,Higher
"2541165000000",Milford,28034,29101,69.8060920151481,14.5,-5.6,15909,2725,43.6985354202024,16.9715255515746,37537,2029,28595,74,20217,1015,8378,994,1.85,788,0.0185,Higher
"2541340000000",Millbury,13270,13947,68.7437402126094,14.18,-5.7,7499,1386,43.7925056674223,10.5614081877584,41066,3733,13462,113,10313,496,3149,500,,251,0.0167,Higher
"2541515000000",Millis,7913,8310,69.6277153894914,15.02,-5.7,4356,737,40.771349862259,9.4811753902663,47497,4381,8155,43,7041,405,1114,404,,71,0.0155,Higher
"2541585000000",Millville,3191,3257,75.0982123779638,15.46,-7,1968,379,43.4451219512195,6.85975609756098,38029,3798,3237,20,2529,191,708,188,,33,0.0244,Higher
"2541690000000",Milton,27065,27593,75.7256168439661,12.48,-1.4,14438,2428,36.1545920487602,29.2076464884333,54831,3082,25717,202,22948,625,2769,623,0.32,430,0.0112,Higher
"2542040000000",Monroe,120,115,28.733488547633,6.84,-2.1,64,10,57.8125,14.0625,23018,8064,91,32,55,23,36,26,,3,0,No Change
"2542145000000",Monson,8570,8787,58.6842988989724,11.66,-4.8,4183,867,48.0994501553909,7.0762610566579,38196,2510,8694,33,7665,266,1029,264,,72,0.0178,Higher
"2542285000000",Montague,8459,8212,100.00201952235,17.26,-5.6,4529,989,59.3287701479355,10.2009273570325,30933,2744,8189,110,5261,323,2928,313,,30,0.0015,Higher
"2542460000000",Monterey,955,924,47.6035188447257,9.76,-3.5,427,92,61.5925058548009,12.6463700234192,56158,10029,723,96,624,101,99,34,,3,0,No Change
"2542530000000",Montgomery,846,866,53.9896724289608,11.96,-5.1,400,93,51.5,4.75,39650,4061,829,106,809,103,20,15,,7,0,No Change
"2543300000000",Mount Washington,167,157,49.1908232786443,10.54,-3.8,63,11,49.2063492063492,12.6984126984127,47827,9866,164,37,157,37,7,9,,0,0,No Change
"2543580000000",Nahant,3419,3513,85.9709537798152,14.8,-4.4,1881,308,39.6065922381712,11.270600744285,59385,8972,3442,74,2531,202,911,195,,49,0.0036,Lower
"2543790000000",Nantucket,10168,11399,25.1991686100551,14.96,-22.2,6040,1162,43.0794701986755,25.4470198675497,51270,4137,10814,114,7501,564,3313,562,,131,0.0345,Lower
"2543895000000",Natick,33103,36050,62.2142473263132,11.96,-3.4,17787,2689,36.7852926294485,19.671670321021,57746,2711,35700,132,27837,827,7863,855,0.33,509,0.007,Higher
"2544105000000",Needham,29170,31388,53.4313658570116,9.36,-1.2,14886,2203,32.7153029692328,16.1292489587532,74419,4122,29845,194,26701,592,3144,546,0.76,415,0.0055,Lower
"2544385000000",New Ashford,228,223,34.5050550326348,11.02,-7.9,105,23,60.952380952381,6.66666666666667,32991,6196,347,65,286,69,61,39,,0,0,No Change
"2545000000000",New Bedford,95059,95363,117.029550322899,22.16,-8.6,45862,9004,62.0709955954821,27.7964327765906,25079,828,93144,270,40390,1570,52754,1593,1.62,2859,0.0432,Higher
"2545105000000",New Braintree,1002,1024,54.1264028753669,12.9,-6.6,450,94,50.2222222222222,6.44444444444444,38908,5323,1298,129,1163,114,135,64,,3,0,No Change
"2545420000000",New Marlborough,1512,1458,50.4329295760004,11.48,-6.4,683,146,61.0541727672035,15.8125915080527,46944,5765,1299,132,1158,130,141,60,,9,0,No Change
"2545490000000",New Salem,996,1021,34.8005531578456,8.98,-5.1,518,106,50.5791505791506,7.91505791505791,36060,4536,1036,109,898,104,138,79,,3,0,No Change
"2545175000000",Newbury,6689,7148,60.7069164113845,12.6,-5,3307,646,42.8182642878742,5.17084971273057,54229,7571,6872,225,6086,324,786,300,,22,0,No Change
"2545245000000",Newburyport,17440,18289,59.3606940668462,11.78,-4.4,8206,1476,42.1398976358762,7.40921277114307,61503,3777,17657,114,14713,620,2944,639,,149,0.0048,Higher
"2545560000000",Newton,85373,88414,52.9723375273032,9.66,-1.2,41393,5822,32.4161090039379,24.1055250887831,69859,2719,80883,459,61350,1137,19533,1025,0.95,1030,0.0026,Higher
"2546050000000",Norfolk,11241,12003,67.3144499156653,12.18,-3.4,5559,942,35.0242849433351,10.4695089044792,46397,3576,9420,484,9154,465,266,131,,46,0.0028,No Change
"2546225000000",North Adams,13764,12730,109.957545429547,16.88,-5.9,5653,1307,62.692375729701,7.94268529984079,25039,2363,12034,230,7477,537,4557,508,,64,0.0031,No Change
"2546365000000",North Andover,28445,31188,71.5428573478108,12.86,-4,14302,2329,40.7705216053699,17.4730806880157,54587,2781,29390,304,22788,778,6602,747,0.95,588,0.0076,Lower
"2546575000000",North Attleborough,28712,29364,67.8909552413916,15.98,-7.7,15570,2947,45.9409120102762,11.4579319203597,42475,2821,28917,111,21725,1042,7192,1019,2.2,357,0.0128,Higher
"2547135000000",North Brookfield,4683,4792,60.2506586019063,13.96,-7,2621,500,50.4006104540252,6.02823349866463,33347,3170,4752,38,3569,300,1183,298,,27,0.012,Higher
"2548955000000",North Reading,14939,15865,62.3096997885668,13.26,-5.1,8406,1353,36.4382583868665,9.14822745657863,53748,3504,15500,110,14061,471,1439,445,,238,0.0108,Higher
"2546330000000",Northampton,28663,28451,66.5796991133285,12.72,-3.5,12878,2278,49.9068178288554,15.1110420872806,36049,2194,24815,410,14842,668,9973,625,0.87,328,0.0014,Higher
"2546820000000",Northborough,14438,15109,65.3260432135606,12.5,-4.6,7463,1222,39.0191611952298,18.0356425030149,56781,4295,14800,46,12484,416,2316,417,,265,0.0113,Higher
"2546925000000",Northbridge,15722,16679,69.7563960639424,14.2,-6,8186,1565,47.0925971170291,7.73271439042267,37236,2771,16217,108,10928,879,5289,855,,364,0.0103,Higher
"2547835000000",Northfield,3030,2958,56.846264485313,11.54,-5.4,1747,396,54.3216943331425,7.84201488265598,37542,4797,2969,20,2512,182,457,187,,3,0,No Change
"2549970000000",Norton,19151,19948,68.6051060600131,15.08,-6.7,10475,1916,45.0214797136038,9.13603818615752,41701,2909,17412,339,15145,582,2267,472,0.26,202,0.0027,No Change
"2550145000000",Norwell,10529,11153,58.0892480821446,13.04,-4.6,5476,951,35.0803506208912,7.56026296566837,61522,4084,10753,118,10324,217,429,180,,149,0.0065,Higher
"2550250000000",Norwood,28652,29725,94.2869702224609,15.72,-4.5,16642,2662,42.3086167527941,21.6320153827665,45020,2518,28789,134,18029,763,10760,783,2.32,707,0.0127,Higher
"2550390000000",Oak Bluffs,4531,4667,26.7135440884526,12.54,-14.8,1612,295,49.6277915632754,14.5161290322581,40124,6524,4586,88,3763,326,823,344,,11,0.0036,Higher
"2550670000000",Oakham,1906,1957,52.8721335922887,12.36,-6.6,1189,216,44.5752733389403,8.41042893187553,36408,3031,1831,93,1746,84,85,42,,11,0,No Change
"2551265000000",Orange,7837,7582,91.3780781542983,15.14,-5.6,3666,876,59.1380250954719,9.02891434806328,26235,2219,7624,54,5765,492,1859,492,,50,0,No Change
"2551440000000",Orleans,5894,5788,51.6435184075675,15.28,-9.3,2142,463,55.3221288515406,10.7843137254902,46232,6291,5733,65,4818,267,915,263,,22,0,Lower
"2551580000000",Otis,1611,1539,45.7718229602521,11.74,-6.6,631,130,63.8668779714738,9.66719492868463,44066,5702,1420,192,1208,171,212,114,,3,0,No Change
"2551825000000",Oxford,13719,14009,71.7929135461333,14.04,-5.8,7620,1521,46.6141732283465,8.34645669291339,32906,1886,13870,59,11352,515,2518,518,,119,0.0211,Higher
"2552144000000",Palmer,12141,12232,92.3340503063218,16.88,-6.4,5954,1193,53.879744709439,9.48941887806517,30595,2020,12195,34,8887,589,3308,589,,89,0.0172,Lower
"2552420000000",Paxton,4816,4963,56.8802542198392,11.74,-4.3,2648,486,40.7477341389728,8.98791540785498,43782,3665,4363,138,4155,167,208,107,,51,0.0026,Higher
"2552490000000",Peabody,51399,53070,86.3656346566367,17.26,-6.4,28071,4892,47.4047949841473,17.4486124470094,37418,1172,52300,166,36648,907,15652,932,1.53,1250,0.0159,Higher
"2552560000000",Pelham,1323,1313,67.9185135196828,11.96,-2.1,832,152,51.9230769230769,17.4278846153846,49750,7362,1306,124,1014,110,292,122,,3,0,No Change
"2552630000000",Pembroke,17875,18509,61.7655612026779,15.42,-8.1,9744,1731,46.2233169129721,5.19293924466338,43339,2395,18186,118,16560,405,1626,410,,149,0.0259,Higher
"2552805000000",Pepperell,11537,12114,52.877051764926,11.9,-5.3,6768,1118,41.548463356974,8.49586288416076,43882,3744,12055,43,10163,388,1892,385,,80,0.0181,Higher
"2553050000000",Peru,848,834,40.7474417393881,9.92,-5.3,532,101,53.0075187969925,5.82706766917293,34248,3046,872,85,818,86,54,30,,3,0,No Change
"2553120000000",Petersham,1239,1250,56.8555452802682,11.1,-3.8,614,144,53.0944625407166,4.39739413680782,35561,3981,1192,129,1015,109,177,114,,8,0,No Change
"2553225000000",Phillipston,1690,1746,58.540977374677,13.98,-7.3,879,202,54.3799772468714,9.10125142207053,30290,2828,1702,144,1565,145,137,66,,19,0,No Change
"2553960000000",Pittsfield,44716,42142,106.37338996997,18.02,-5.8,21859,4663,60.2589322475868,14.236698842582,30168,1061,41977,192,27308,973,14669,973,1,236,0.0028,Higher
"2554030000000",Plainfield,648,661,77.575257071876,8.9,-0.3,353,83,55.5240793201133,11.8980169971671,31022,4035,616,89,541,85,75,43,,3,0,No Change
"2554100000000",Plainville,8304,9293,70.9105990737415,15.46,-7,5083,910,43.2618532362778,9.63997639189455,43304,3351,9047,61,7376,471,1671,458,,99,0.0114,Higher
"2554310000000",Plymouth,56652,61528,65.0077245345988,16.34,-8.3,31100,5911,46.1479099678457,7.45016077170418,43747,1764,57533,359,46962,1151,10571,1140,0.48,831,0.0378,Higher
"2554415000000",Plympton,2847,2987,58.3865770987142,15.26,-8.1,1715,339,45.3061224489796,5.77259475218659,41304,4667,2945,29,2678,118,267,114,,15,0.0137,Lower
"2555395000000",Princeton,3419,3488,70.5143504460775,12.5,-4.4,1934,369,39.2967942088935,6.72182006204757,61008,6220,3406,51,3266,90,140,80,,9,0,Lower
"2555500000000",Provincetown,2947,2961,36.1790061570687,21.7,-27.2,1515,330,62.8382838283828,20.3300330033003,47429,6057,2948,18,2301,163,647,161,,30,0,Lower
"2555745000000",Quincy,92457,94470,105.740335023973,20.68,-7.4,53823,8186,45.7146573026401,37.6716273711982,40238,1069,92968,213,50009,1600,42959,1641,3.24,1575,0.0148,Higher
"2555955000000",Randolph,32439,34362,126.592879781806,21.36,-4.3,19412,3445,52.730269936122,64.6919431279621,33476,2181,33583,119,24273,1220,9310,1225,1.62,1118,0.0263,Higher
"2556060000000",Raynham,13433,14470,88.8434473821349,17.68,-7.2,7176,1341,43.7709030100334,9.60144927536232,43358,4069,13841,114,11897,507,1944,516,,284,0.0144,Lower
"2556130000000",Reading,24048,25400,67.7330732657772,12.1,-2.9,13746,2197,34.8610504874145,11.4287792812455,50721,2836,24909,78,21826,494,3083,501,0.26,353,0.0053,Lower
"2556375000000",Rehoboth,11624,12385,50.7500090830547,13.44,-8,6797,1310,43.2396645578932,6.57643077828454,43968,3254,12072,53,11032,480,1040,480,,99,0.0198,Higher
"2556585000000",Revere,51845,53073,151.807733435372,24.46,-6.1,27151,4697,55.3607601929947,44.3666899930021,28383,1258,53693,102,27850,1668,25843,1669,5.02,2843,0.0369,Higher
"2556795000000",Richmond,1481,1416,53.7999460370028,10.18,-3.4,657,131,53.2724505327245,2.43531202435312,65727,8621,1578,141,1488,143,90,50,,7,0,Lower
"2557600000000",Rochester,5242,5687,52.5030969679171,14.02,-7.3,2594,490,49.2675404780262,4.58750963762529,45178,4670,5522,32,5136,164,386,162,,51,0.0296,Higher
"2557775000000",Rockland,17500,17986,75.6482913844932,18.28,-8.5,9728,1687,47.5637335526316,10.9683388157895,37755,3347,17675,152,13919,784,3756,795,,362,0.0299,Higher
"2557880000000",Rockport,6970,7282,77.0606456724494,14.1,-4.9,3217,574,44.5446067764998,6.43456636617967,47105,3793,7144,78,5357,433,1787,430,,90,0.0088,Higher
"2558335000000",Rowe,398,389,134.977103453511,17.88,-2,173,39,56.6473988439306,5.20231213872832,32138,5452,410,54,363,56,47,19,,0,0,No Change
"2558405000000",Rowley,5870,6473,63.5267972848342,14.14,-6.4,3057,569,43.0160287863919,4.57965325482499,58904,15524,6242,30,5498,337,744,336,,74,0.0126,Lower
"2558580000000",Royalston,1259,1277,51.4906742704665,10.7,-4.9,638,142,53.6050156739812,7.36677115987461,35611,5513,1160,166,990,167,170,96,,3,0,No Change
"2558650000000",Russell,1784,1792,45.8792117156214,10.76,-5.2,916,190,50.4366812227074,7.4235807860262,31390,3151,1434,211,1189,200,245,155,,25,0.033,Higher
"2558825000000",Rutland,8004,8938,56.7146272914766,12.72,-5.9,4967,924,40.8697402858868,7.63036037849809,39299,2799,8550,29,7649,297,901,297,,71,0.0069,No Change
"2559105000000",Salem,41823,43226,90.3414075367359,17.7,-6.1,22672,3870,48.7473535638673,25.9659491884263,36162,1908,41383,248,21657,1086,19726,1063,2.53,880,0.0123,Higher
"2559245000000",Salisbury,8309,9534,81.2333943461966,15.86,-6.2,4609,864,48.4703840312432,6.07507051421133,39639,5386,9148,30,7593,333,1555,330,,76,0.0109,Lower
"2559665000000",Sandisfield,922,891,50.8301267815734,8.8,-3.2,358,72,59.4972067039106,9.77653631284916,36314,5299,919,130,906,129,13,11,,8,0,Lower
"2559735000000",Sandwich,20669,20169,57.1731973732231,15.32,-8.9,8896,1761,49.4267086330935,6.42985611510791,45528,2923,20118,112,17812,677,2306,662,0.64,126,0.0088,Lower
"2560015000000",Saugus,26727,28361,91.9982113069702,19.06,-7.5,16020,2784,46.2172284644195,18.3333333333333,37946,2187,27803,108,23548,797,4255,775,1.17,762,0.0191,Higher
"2560225000000",Savoy,689,675,41.9414103151848,12.12,-9.7,424,115,55.8962264150943,8.72641509433962,32142,3134,719,83,647,69,72,57,,3,0,No Change
"2560330000000",Scituate,18157,18924,61.9820643414759,13.06,-4.8,9262,1559,39.3867415245087,6.30533362124811,60863,4598,18400,144,16463,522,1937,501,,247,0.015,Higher
"2560645000000",Seekonk,13747,15770,55.5887442995916,14.52,-8.6,8491,1693,45.2479095512896,7.46672947827111,43788,3742,15210,23,13454,510,1756,508,,141,0.0196,Higher
"2560785000000",Sharon,17588,18895,56.8530598871126,10.06,-2.3,9194,1472,32.8040026103981,25.048944964107,66258,5688,18328,49,16948,422,1380,429,,197,0.0063,Higher
"2561065000000",Sheffield,3256,3129,62.4688729340937,11.12,-3.8,1650,356,56.5454545454545,10.3636363636364,45123,7391,3159,23,2900,140,259,140,,21,0.0027,Higher
"2561135000000",Shelburne,1900,1837,71.7089080336086,14.28,-6.1,957,216,60.2925809822362,6.37408568443051,48368,18679,1812,194,1348,174,464,130,,9,0,No Change
"2561380000000",Sherborn,4129,4335,42.2460246816304,8.74,-0.9,1830,236,34.6994535519126,11.9125683060109,79952,8390,4301,20,4098,137,203,137,,25,0,Lower
"2561590000000",Shirley,7310,7636,87.3543604850648,16.2,-5,3424,597,43.9252336448598,13.6098130841121,32353,4670,6101,201,4360,612,1741,571,,186,0.0074,No Change
"2561800000000",Shrewsbury,35625,38526,60.7145975477771,11.84,-3.9,17868,2884,37.0270875307813,26.2928139691068,47316,2065,36599,183,29656,858,6943,862,2.4,454,0.0154,Higher
"2561905000000",Shutesbury,1775,1754,49.6296748160679,10.14,-2.3,884,170,48.6425339366516,9.50226244343891,41094,3581,1801,145,1601,145,200,82,,3,0,No Change
"2562430000000",Somerset,18202,18129,61.2953944278538,16.66,-10.3,8547,1736,51.6321516321516,5.24160524160524,35613,2016,17930,98,14922,663,3008,655,,262,0.0223,Higher
"2562535000000",Somerville,75877,81360,67.7323108026058,11.86,-2.6,45542,5611,38.4677879759343,27.8270607351456,47276,1410,77434,310,26489,1754,50945,1802,2.1,1350,0.0039,Higher
"2564145000000",South Hadley,17734,17625,65.3590571777494,12.86,-4.4,8293,1599,49.1498854455565,11.8533703123116,32510,1717,15335,305,11998,481,3337,466,,221,0.0024,Lower
"2562745000000",Southampton,5807,6171,49.730045949898,12.34,-6.5,3283,636,45.0807188547061,5.60462991166616,46378,5976,6140,17,5712,214,428,213,,39,0.0097,Higher
"2563165000000",Southborough,9775,10208,57.9542125655773,11.1,-2.6,5143,761,34.2018277270076,19.0744701536068,65613,5270,9917,46,9203,217,714,210,,68,0.0114,Lower
"2563345000000",Southbridge,16723,16878,133.972144925359,20.44,-4.9,8944,1783,58.4190518783542,34.8725402504472,26662,1488,16687,80,7675,601,9012,615,,232,0.021,Lower
"2565825000000",Southwick,9506,9740,68.9204565593166,13.04,-5,4891,999,49.0288284604375,7.34001226742997,38181,3331,9666,54,8305,371,1361,368,,74,0.0131,Higher
"2566105000000",Spencer,11715,11935,81.5592669794343,15.92,-6.2,6426,1297,47.8213507625272,9.2436974789916,33055,2192,11827,109,9205,478,2622,470,,108,0.0182,Higher
"2567000000000",Springfield,153569,153606,162.401982730016,22.66,-2.2,66510,12602,68.4558712975492,65.2157570290182,20544,551,149079,391,68039,1921,81040,1963,3.57,3857,0.0335,Lower
"2567385000000",Sterling,7802,8174,66.9672696646262,12.82,-4.5,4196,800,39.8951382268828,7.38798856053384,48371,5336,7886,75,7121,270,765,254,,134,0.0047,No Change
"2567595000000",Stockbridge,1943,1890,52.0379726049008,9.98,-4.6,580,121,60.1724137931035,7.41379310344828,46868,9851,1758,224,1148,221,610,175,,15,0,No Change
"2567665000000",Stoneham,21337,24126,68.4048356787759,14.56,-5.3,12706,2091,39.25704391626,15.2447662521643,48185,2392,22043,49,15919,654,6124,654,0.93,474,0.011,Higher
"2567945000000",Stoughton,27123,28915,87.0032599794823,16.96,-5.8,16211,2856,47.1593362531614,29.8192585281599,37006,1719,28203,114,21060,851,7143,863,0.95,697,0.0149,No Change
"2568050000000",Stow,6629,7234,53.323786167443,9.9,-2.4,3488,536,33.8016055045872,11.2385321100917,60306,6326,7093,17,6426,305,667,299,,35,0.0072,Higher
"2568155000000",Sturbridge,9254,9597,66.5852646777528,14,-5.5,4853,969,45.4358128992376,9.29322068823408,43736,4639,9521,23,7841,543,1680,545,,60,0.01,Higher
"2568260000000",Sudbury,17712,19655,52.0202405479147,9.06,-1.4,8735,1292,30.39496279336,14.6307956496852,75699,4152,18760,135,17835,306,925,295,0.19,231,0.0067,Higher
"2568400000000",Sunderland,3690,3629,45.0881497689582,10.14,-3.2,1741,339,53.130384836301,14.5893164847789,37502,11064,3601,33,1665,202,1936,202,,23,0.0053,Lower
"2568610000000",Sutton,8984,9582,56.9723726095338,11.86,-4.4,5045,1000,42.8344895936571,5.49058473736373,46409,3397,9375,19,9079,165,296,162,,83,0.0147,Higher
"2568645000000",Swampscott,13817,15298,66.2129898298712,13.22,-4.4,6747,1120,39.8695716614792,10.4046242774566,57974,5088,14604,61,11911,637,2693,637,,176,0.0034,Higher
"2568750000000",Swansea,15872,16834,51.6905603975861,14.46,-9.4,8969,1830,46.9729066785595,6.16568179284201,36032,2160,16269,99,14498,481,1771,469,,188,0.0119,Higher
"2569170000000",Taunton,55851,57464,107.786922325521,19.7,-7.3,30745,5891,50.8472922426411,17.6776711660433,30925,1438,56251,190,37272,1432,18979,1424,1.86,1189,0.0154,Higher
"2569275000000",Templeton,8001,8138,64.5277163704891,14.3,-6.6,3860,791,51.2176165803109,6.32124352331606,35670,4324,7992,145,6659,500,1333,462,,129,0.0022,No Change
"2569415000000",Tewksbury,29201,31178,67.7779248425412,15.18,-6.7,16474,2576,40.9615151147262,11.0962729148962,43453,2658,30341,303,27198,588,3143,496,0.51,683,0.0087,Lower
"2569940000000",Tisbury,3958,4096,42.8408305738126,18.86,-20.1,1915,405,48.3028720626632,12.0104438642298,39482,7477,4061,69,2953,368,1108,366,,17,0.0039,Higher
"2570045000000",Tolland,490,508,36.2577793323031,7.9,-1.7,251,61,46.2151394422311,7.96812749003984,44731,6650,609,116,512,95,97,71,,3,0,No Change
"2570150000000",Topsfield,6100,6641,53.8777712647456,9.96,-2.1,3082,546,39.0330953926022,6.3919532770928,50449,5417,6382,105,5981,343,401,331,,125,0.0042,Higher
"2570360000000",Townsend,8974,9506,69.1191985783201,13.62,-5.3,5203,863,42.2640784162983,7.14972131462618,40319,3554,9450,37,8341,272,1109,270,,47,0.0086,Higher
"2570605000000",Truro,2006,2008,33.0541317451589,16.44,-17.6,634,131,57.4132492113565,13.7223974763407,36250,7517,1250,227,1065,212,185,144,,13,0.0175,No Change
"2571025000000",Tyngsborough,11414,12527,61.1022196602511,13.28,-5.6,7124,1185,39.528354856822,13.307130825379,46434,4826,12253,28,10828,481,1425,481,,151,0.0201,Higher
"2571095000000",Tyringham,324,312,66.6742665955622,7.76,-1.1,132,25,59.0909090909091,20.4545454545455,56162,9830,415,63,373,58,42,24,,3,0,No Change
"2571480000000",Upton,7554,8065,61.5966402360143,12.34,-3.8,4286,740,35.347643490434,8.77274848343444,50274,5461,7808,36,6946,314,862,320,,37,0.0058,No Change
"2571620000000",Uxbridge,13469,14195,62.5661948688933,13.78,-6.2,6944,1323,45.4781105990783,6.6676267281106,38522,2613,13839,30,11181,653,2658,650,,111,0.0153,Lower
"2572215000000",Wakefield,25183,27045,71.8675113661598,13.92,-4.8,14794,2419,37.4678923888063,11.7615249425443,48020,3044,26540,158,21304,637,5236,621,1.52,395,0.0157,Higher
"2572390000000",Wales,1844,1874,102.101502077177,15.92,-5.5,892,190,51.2331838565022,4.59641255605381,27669,3113,2117,231,1717,196,400,152,,5,0,No Change
"2572495000000",Walpole,24140,25200,66.1086789180283,13.94,-5,13826,2241,37.8634456820483,13.5903370461449,51776,3345,24584,273,21114,780,3470,732,1.45,324,0.0124,Lower
"2572600000000",Waltham,60889,62495,65.3524117213181,12.26,-3.3,33045,4993,42.015433499773,31.8474807081253,41107,1408,55377,523,29396,1152,25981,1195,3,1520,0.0067,Higher
"2572880000000",Ware,9868,9711,92.8988832461124,15.36,-4.3,4513,934,52.4927985818746,9.08486594283182,30131,2379,9832,20,7006,470,2826,475,,47,0.003,Higher
"2572985000000",Wareham,21870,22745,76.0844223373112,17.96,-9.1,11887,2253,51.2829141078489,10.7848910574577,33011,1974,22343,129,16623,949,5720,943,0.32,266,0.0228,Higher
"2573090000000",Warren,5140,5222,68.0552165576402,14.2,-6.3,1890,382,50,8.62433862433863,30281,4193,5205,16,4431,338,774,341,,32,0.0044,Lower
"2573265000000",Warwick,780,769,55.2468445222277,8.44,-2.1,433,98,57.5057736720554,5.54272517321016,30752,2872,781,96,737,83,44,46,,0,0,No Change
"2573335000000",Washington,542,541,101.277965486481,11.08,-2.5,306,62,55.2287581699346,6.86274509803922,40238,4872,543,85,534,85,9,10,,3,0,No Change
"2573440000000",Watertown,32080,35939,75.7611792945813,12.24,-2.6,19426,2841,37.2902295892103,20.8483475754144,54143,2165,34790,114,18254,1045,16536,1052,0.88,471,0.0072,Higher
"2573790000000",Wayland,12977,13835,50.9640690144962,9.36,-1.6,6759,920,30.5962420476402,19.1892291759136,81107,4955,13665,40,12859,235,806,232,,124,0.0016,Lower
"2573895000000",Webster,16785,16949,108.981249872126,18.34,-5.8,9196,1799,52.6750761200522,15.9634623749456,30919,2404,16641,123,10067,544,6574,541,,343,0.0326,Higher
"2574175000000",Wellesley,28046,28670,37.5637811399539,7.62,-0.3,11754,1752,30.4151778118087,21.6522035051897,83163,4014,24618,378,21263,533,3355,501,0.23,299,0.001,Higher
"2574385000000",Wellfleet,2750,2724,38.8918380625342,15.68,-14.4,1069,219,59.6819457436857,7.20299345182413,38179,7093,3458,225,2900,362,558,334,,8,0,No Change
"2574525000000",Wendell,846,878,82.2122843543119,15.02,-4.3,485,108,62.0618556701031,10.7216494845361,32597,8853,846,105,686,103,160,53,,0,0,No Change
"2574595000000",Wenham,4884,5278,39.3878060565304,9.14,-1.9,1952,320,36.3729508196721,9.78483606557377,48324,7805,3654,185,3463,186,191,89,,32,0,Lower
"2575155000000",West Boylston,7727,8077,69.1530292718137,14.54,-5.4,3912,700,41.8967280163599,11.4263803680982,29911,4338,5204,697,4511,631,693,265,,75,0.0117,Higher
"2575260000000",West Bridgewater,6937,7281,74.5008784266258,16.6,-7.6,4038,727,45.789995047053,9.16295195641407,37417,2815,7021,114,6022,369,999,366,,162,0.0061,Higher
"2575400000000",West Brookfield,3655,3727,62.9256987822953,13.6,-6.5,1955,419,45.8823529411765,7.67263427109974,37711,4494,3587,106,2662,277,925,285,,26,0,No Change
"2577150000000",West Newbury,4251,4714,45.669874236359,10.54,-3.9,1984,358,37.0967741935484,5.69556451612903,59600,8275,4571,38,4232,252,339,249,,22,0.0129,Higher
"2577890000000",West Springfield,28357,28517,94.2561546845193,17.4,-6.1,14642,2841,55.8325365387242,22.3808222920366,31135,1991,28523,58,18764,889,9759,884,2.97,477,0.0146,No Change
"2577990000000",West Stockbridge,1297,1257,59.3186408032916,11.58,-4.6,540,107,58.5185185185185,3.88888888888889,45199,6478,1128,139,994,134,134,81,,8,0,No Change
"2578235000000",West Tisbury,2751,2904,22.0986845464286,8.58,-9,1041,201,50.1440922190202,9.41402497598463,51035,7002,2674,296,2364,337,310,206,,16,0,Lower
"2575015000000",Westborough,18290,19144,56.4660193725577,10.28,-3,9312,1422,37.7469931271478,30.0365120274914,50853,2870,18467,190,12698,594,5769,602,5.24,413,0.0108,Higher
"2576030000000",Westfield,41118,41204,76.378185978653,14.62,-5.2,19127,3859,51.9213677001098,14.1579965493805,31186,1484,38241,303,27042,929,11199,883,1.54,580,0.0146,Higher
"2576135000000",Westford,22049,24817,53.5540508384553,10.26,-2.9,12535,1878,33.5939369764659,20.0079776625449,53692,2218,24183,38,21583,519,2600,516,1.16,226,0.0147,Higher
"2576380000000",Westhampton,1603,1637,60.9947143574047,11.48,-3.6,1060,223,47.7358490566038,9.43396226415094,40509,2819,1825,112,1704,117,121,55,,10,0,No Change
"2577010000000",Westminster,7280,7997,73.5432160549854,14.12,-5.1,3639,725,48.4473756526518,6.4028579280022,42700,4777,7665,31,7062,301,603,301,,43,0.0066,Lower
"2577255000000",Weston,11365,12124,49.4725629215111,7.84,-0.3,4601,666,29.4935883503586,22.0821560530319,87978,9290,11238,162,9968,451,1270,455,,140,0.0028,No Change
"2577570000000",Westport,15546,16034,62.5621371861307,16.34,-9.4,7577,1560,51.484756499934,5.37151907087238,40788,2961,15842,29,13637,540,2205,536,,152,0.0222,Higher
"2578690000000",Westwood,14655,16400,59.8355983618372,10.6,-1.8,7737,1197,33.1911593640946,13.5323768902675,71235,5985,15834,27,14616,262,1218,262,,181,0.0041,Lower
"2578972000000",Weymouth,53828,57746,82.0405963543905,17.32,-7.1,30245,5052,42.721110927426,16.9383369151926,40718,1689,55890,159,40227,1236,15663,1250,1.47,952,0.0265,Higher
"2579110000000",Whately,1504,1567,31.2345157166008,6.1,-1.7,690,127,50.7246376811594,6.3768115942029,52459,16345,1428,208,1268,183,160,107,,9,0.0123,No Change
"2579530000000",Whitman,14511,15216,67.0795531051008,16.8,-8.4,8165,1564,46.4911206368647,7.6056338028169,36032,2316,14894,54,11265,656,3629,646,,237,0.0167,Higher
"2579740000000",Wilbraham,14226,14689,65.4439355961364,12.84,-4.5,6943,1296,43.5690623649719,9.93806711796054,48240,4474,14239,151,13014,403,1225,346,,281,0.0085,Higher
"2579915000000",Williamsburg,2486,2466,81.8653861189762,15.32,-5.1,1322,297,53.3282904689864,8.24508320726173,47779,5705,2513,200,1879,224,634,170,,17,0,No Change
"2579985000000",Williamstown,7785,7434,53.2791422400335,8.84,-2.3,2674,540,45.8115183246073,12.715033657442,34804,3447,5040,306,3891,345,1149,282,,97,0.0003,Lower
"2580230000000",Wilmington,22406,23445,63.1638675300049,14.16,-6.2,13434,2214,38.7003126395712,11.3369063570046,47330,2838,23378,137,20567,537,2811,520,0.82,400,0.0143,Higher
"2580405000000",Winchendon,10360,10905,87.2031688238667,14.62,-4.8,4921,1014,52.3877260719366,9.65250965250965,31098,3289,10539,80,8115,501,2424,498,,98,0.0158,Higher
"2580510000000",Winchester,21475,22799,56.886557025655,9.18,-1.3,11098,1656,30.0594701748063,20.8866462425662,77433,3558,22398,131,19822,435,2576,413,1.05,152,0.0059,Higher
"2580685000000",Windsor,898,866,61.0505071699058,11.28,-4.5,604,141,53.6423841059603,10.2649006622517,48898,8171,842,93,842,93,0,12,,3,0,Lower
"2581005000000",Winthrop,17538,18544,103.874846577276,18.44,-5.5,10156,1784,43.914927136668,17.6053564395431,41953,3265,18470,49,11532,785,6938,797,,442,0.0146,Higher
"2581035000000",Woburn,39063,40228,78.3119886734249,15.46,-5.5,22939,3654,41.6016391298662,21.6007672522778,41743,2005,39974,116,25464,1205,14510,1217,3.07,840,0.0214,Higher
"2582000000000",Worcester,181759,185428,104.731835394873,17.5,-3.3,85156,14995,59.4250551928226,43.1760533608906,26919,839,171412,732,79264,2247,92148,2177,2.67,6673,0.0094,Higher
"2582175000000",Worthington,1159,1175,96.1479241513166,11.6,-2.8,574,138,52.6132404181185,5.92334494773519,41214,4294,1258,143,1170,140,88,43,,3,0,Lower
"2582315000000",Wrentham,11061,12023,71.5392410518361,13.18,-4.7,6208,1121,41.1565721649485,7.37757731958763,50810,3258,11456,150,10267,300,1189,294,,260,0.0109,Higher
"2582525000000",Yarmouth,23797,23203,62.4207829913438,18.54,-12.1,11073,2234,54.7006231373611,12.8510792016617,37601,1737,23233,127,18763,705,4470,720,0.98,147,0.0045,Lower
